{"flutter":{"platforms":{"android":{"default":{"projectId":"eb-task","appId":"1:103286660483:android:5f1fce3500b72fbf90aab6","fileOutput":"android/app/google-services.json"}},"dart":{"lib/firebase_options.dart":{"projectId":"eb-task","configurations":{"android":"1:103286660483:android:5f1fce3500b72fbf90aab6","ios":"1:103286660483:ios:bbf90bf37d72078090aab6","macos":"1:103286660483:ios:bbf90bf37d72078090aab6","web":"1:103286660483:web:663cf3fb4b91cbc790aab6","windows":"1:103286660483:web:9663217e109eb30390aab6"}}}}}}