{
  "project_info": {
    "project_number": "103286660483",
    "project_id": "eb-task",
    "storage_bucket": "eb-task.firebasestorage.app"
  },
  "client": [
    {
      "client_info": {
        "mobilesdk_app_id": "1:103286660483:android:5f1fce3500b72fbf90aab6",
        "android_client_info": {
          "package_name": "com.example.eb_task"
        }
      },
      "oauth_client": [
        {
          "client_id": "103286660483-o86eqdong4je74pgbbb22np05ggc98t3.apps.googleusercontent.com",
          "client_type": 3
        }
      ],
      "api_key": [
        {
          "current_key": "AIzaSyAd_WWDEQNrgj_DvY_zZdA89_Cg9iGYj8A"
        }
      ],
      "services": {
        "appinvite_service": {
          "other_platform_oauth_client": [
            {
              "client_id": "103286660483-o86eqdong4je74pgbbb22np05ggc98t3.apps.googleusercontent.com",
              "client_type": 3
            },
            {
              "client_id": "103286660483-69gu9il1a941kcpd102skp8deiivbht4.apps.googleusercontent.com",
              "client_type": 2,
              "ios_info": {
                "bundle_id": "com.example.ebTask"
              }
            }
          ]
        }
      }
    }
  ],
  "configuration_version": "1"
}